{"cameraMode":{"drawMode":0,"name":"Shaded","section":"Shading Mode"},"sceneLighting":false,"audioPlay":false,"sceneViewState":{"showFog":true,"showMaterialUpdate":false,"showSkybox":false,"showFlares":true,"showImageEffects":true,"showParticleSystems":true},"in2DMode":false,"pivot":{"x":15.385123252868653,"y":0.5699999332427979,"z":6.826473712921143},"rotation":{"x":0.22335347533226014,"y":0.5876697897911072,"z":-0.1731308251619339,"w":0.7581459283828735},"size":2.8578836917877199,"orthographic":false}